{
  "project_info": {
    "project_number": "937240370670",
    "firebase_url": "https://attendancesystem-eeb9a.firebaseio.com",
    "project_id": "attendancesystem-eeb9a",
    "storage_bucket": "attendancesystem-eeb9a.appspot.com"
  },
  "client": [
    {
      "client_info": {
        "mobilesdk_app_id": "1:937240370670:android:7d08348b1fc7debfefc2ff",
        "android_client_info": {
          "package_name": "com.example.smartattendance"
        }
      },
      "oauth_client": [
        {
          "client_id": "937240370670-m8i51ep42cid2ski3mhqvgeaidbhjc30.apps.googleusercontent.com",
          "client_type": 3
        }
      ],
      "api_key": [
        {
          "current_key": "AIzaSyBYccwMiN-IwILU0JR_k4EUUG6cnTlXkYo"
        }
      ],
      "services": {
        "appinvite_service": {
          "other_platform_oauth_client": [
            {
              "client_id": "937240370670-m8i51ep42cid2ski3mhqvgeaidbhjc30.apps.googleusercontent.com",
              "client_type": 3
            }
          ]
        }
      }
    }
  ],
  "configuration_version": "1"
}